id,rate
1001,0.107184337
1003,0.146911254
1005,0.155045153
1007,0.129140799
1009,0.121092315
1011,0.176244834
1013,0.128473422
1015,0.13176052
1017,0.1512
1019,0.127777345
1021,0.157400589
1023,0.135435301
1025,0.159070064
1027,0.132533733
1029,0.137763699
1031,0.129545081
1033,0.117779875
1035,0.215269183
1037,0.155665115
1039,0.138711317
1041,0.126265201
1043,0.154574922
1045,0.129866825
1047,0.145750895
1049,0.173155316
1051,0.106974937
1053,0.204210939
1055,0.144710899
1057,0.120473331
1059,0.177535539
1061,0.154572227
1063,0.1512
1065,0.124701987
1067,0.127056619
1069,0.137341747
1071,0.160717345
1073,0.124916874
1075,0.125354509
1077,0.120054348
1079,0.127957566
1081,0.113412107
1083,0.129577261
1085,0.156993428
1087,0.138278932
1089,0.122311364
1091,0.121071587
1093,0.119792892
1095,0.177017267
1097,0.153335023
1099,0.16941092
1101,0.134475171
1103,0.158400664
1105,0.163867227
1107,0.136370704
1109,0.11358885
1111,0.149012967
1113,0.171779474
1115,0.111788423
1117,0.096066172
1119,0.176448486
1121,0.136149462
1123,0.132403839
1125,0.118868097
1127,0.144735032
1129,0.170773302
1131,0.185639545
1133,0.1441841
2013,0.608748481
2016,0.257542311
2020,0.163059817
2050,0.259088286
2060,0.225708502
2068,0.224032587
2070,0.297773279
2090,0.143438432
2100,0.273119122
2105,0.285916156
2110,0.16168534
2122,0.213448922
2130,0.191208461
2150,0.267652014
2164,0.383221477
2170,0.192086721
2180,0.297987697
2185,0.253238613
2188,0.325794221
2195,0.239749609
2198,0.349448819
2220,0.197091159
2230,0.237951807
2240,0.233915575
2261,0.232460733
2270,0.291887696
2275,0.212865002
2282,0.240944882
2290,0.374600355
4001,0.247426151
4003,0.124750382
4005,0.198156
4007,0.169365452
4009,0.160809595
4011,0.144879552
4012,0.141621514
4013,0.164917571
4015,0.170393998
4017,0.181686129
4019,0.144847245
4021,0.145307533
4023,0.201684246
4025,0.147330988
4027,0.202118247
5001,0.131297382
5003,0.145116498
5005,0.127441334
5007,0.140809038
5009,0.150778528
5011,0.200232621
5013,0.146692234
5015,0.182425282
5017,0.170204876
5019,0.141257306
5021,0.178823377
5023,0.180452901
5025,0.140023474
5027,0.139189865
5029,0.143742846
5031,0.167920712
5033,0.169346947
5035,0.157826806
5037,0.152020231
5039,0.174872893
5041,0.18168744
5043,0.162770374
5045,0.138266838
5047,0.13706159
5049,0.156980128
5051,0.178909182
5053,0.122725491
5055,0.14933032
5057,0.181608988
5059,0.165630156
5061,0.204146612
5063,0.164030914
5065,0.180999373
5067,0.177990628
5069,0.129210373
5071,0.149867167
5073,0.188999173
5075,0.184391691
5077,0.196618302
5079,0.189340004
5081,0.175116297
5083,0.145805684
5085,0.127375037
5087,0.184448
5089,0.178599768
5091,0.18028415
5093,0.167343732
5095,0.157074804
5097,0.203230736
5099,0.161056864
5101,0.167451078
5103,0.130712943
5105,0.112133072
5107,0.172879551
5109,0.175873016
5111,0.181239601
5113,0.196217494
5115,0.146228315
5117,0.154132629
5119,0.14806174
5121,0.176302068
5123,0.175875193
5125,0.119777613
5127,0.169302496
5129,0.207326284
5131,0.177927497
5133,0.226241426
5135,0.178423727
5137,0.142512077
5139,0.158096321
5141,0.203316553
5143,0.175608018
5145,0.156271348
5147,0.209881878
5149,0.171324311
6001,0.117792427
6003,0.222129784
6005,0.10718396
6007,0.148920365
6009,0.109642319
6011,0.205042413
6013,0.111614955
6015,0.129993478
6017,0.098130738
6019,0.184786064
6021,0.19498376
6023,0.188437327
6025,0.197066158
6027,0.135827752
6029,0.185110999
6031,0.172829723
6033,0.187743925
6035,0.111486486
6037,0.208503087
6039,0.190408548
6041,0.083109621
6043,0.101686341
6045,0.163752537
6047,0.176733288
6049,0.169232473
6051,0.22760771
6053,0.209385553
6055,0.139132082
6057,0.144901427
6059,0.160588448
6061,0.097067061
6063,0.151584894
6065,0.192029895
6067,0.137260432
6069,0.148057353
6071,0.190730665
6073,0.158546799
6075,0.100056397
6077,0.16105015
6079,0.137444098
6081,0.101882555
6083,0.173530555
6085,0.105312272
6087,0.138686488
6089,0.150895675
6091,0.191304348
6093,0.1420461
6095,0.120943902
6097,0.132906795
6099,0.164689324
6101,0.173385506
6103,0.149118886
6105,0.205652435
6107,0.200267695
6109,0.122406151
6111,0.151848722
6113,0.118824929
6115,0.161759705
8001,0.195564221
8003,0.129656753
8005,0.147124486
8007,0.230698911
8009,0.175739154
8011,0.16402803
8013,0.103219759
8014,0.080145006
8015,0.156615873
8017,0.219848053
8019,0.090625696
8021,0.175998053
8023,0.181945221
8025,0.14115899
8027,0.181775371
8029,0.198829016
8031,0.159042023
8033,0.151497696
8035,0.058881581
8037,0.183635108
8039,0.118264431
8041,0.123775165
8043,0.120601193
8045,0.277494681
8047,0.135125318
8049,0.207948949
8051,0.17116767
8053,0.152698048
8055,0.178588729
8057,0.1902687
8059,0.108555702
8061,0.158695652
8063,0.176904177
8065,0.228106468
8067,0.169782651
8069,0.110200727
8071,0.171682152
8073,0.08158447
8075,0.177529316
8077,0.155705864
8079,0.072443182
8081,0.149250323
8083,0.227272727
8085,0.203114572
8087,0.157089915
8089,0.176065876
8091,0.142825607
8093,0.136187742
8095,0.16400278
8097,0.153743548
8099,0.170254725
8101,0.129332373
8103,0.140754093
8105,0.182908934
8107,0.135444831
8109,0.302623057
8111,0.257274119
8113,0.167943975
8115,0.126500858
8117,0.226270948
8119,0.115411316
8121,0.119699647
8123,0.143034774
8125,0.162197318
9001,0.113077168
9003,0.076604841
9005,0.071719317
9007,0.066491785
9009,0.083234174
9011,0.066979911
9013,0.052026188
9015,0.07913155
10001,0.082093059
10003,0.086221045
10005,0.106144139
11001,0.064206609
12001,0.14665724
12003,0.141838223
12005,0.182065072
12007,0.183470522
12009,0.160179117
12011,0.217093123
12013,0.202766798
12015,0.164097184
12017,0.145572144
12019,0.131003341
12021,0.212650381
12023,0.179869054
12027,0.279846309
12029,0.199906053
12031,0.162383256
12033,0.156415687
12035,0.160684351
12037,0.211826194
12039,0.192092301
12041,0.227443012
12043,0.290341578
12045,0.19940894
12047,0.17246312
12049,0.284138838
12051,0.313589519
12053,0.168418421
12055,0.174039599
12057,0.176695376
12059,0.183828882
12061,0.185735981
12063,0.136133725
12065,0.152866765
12067,0.210713796
12069,0.157263654
12071,0.200286152
12073,0.123494345
12075,0.214444557
12077,0.270017794
12079,0.186864785
12081,0.177317359
12083,0.183765988
12085,0.153284721
12086,0.283464561
12087,0.252980422
12089,0.158079262
12091,0.158905153
12093,0.222606
12095,0.216220469
12097,0.232802465
12099,0.192495492
12101,0.158260527
12103,0.165603833
12105,0.18118012
12107,0.210678371
12109,0.115750825
12111,0.205677206
12113,0.142165707
12115,0.155086829
12117,0.166106492
12119,0.100543794
12121,0.180557867
12123,0.151081775
12125,0.151682135
12127,0.185539119
12129,0.132340053
12131,0.191421037
12133,0.152719101
13001,0.227366198
13003,0.304016453
13005,0.201270791
13007,0.208570572
13009,0.151623884
13011,0.174718548
13013,0.182661793
13015,0.184332536
13017,0.212777069
13019,0.255717256
13021,0.173783142
13023,0.145992976
13025,0.29476149
13027,0.241390306
13029,0.151762821
13031,0.181267566
13033,0.175763142
13035,0.180306966
13037,0.273139925
13039,0.133205285
13043,0.271839241
13045,0.18410541
13047,0.149164585
13049,0.229600546
13051,0.18598728
13053,0.117726658
13055,0.18777533
13057,0.149999096
13059,0.168513272
13061,0.236566186
13063,0.267150009
13065,0.202981479
13067,0.176745449
13069,0.237225637
13071,0.279977913
13073,0.115264773
13075,0.272511848
13077,0.127833127
13079,0.160917683
13081,0.193441623
13083,0.165374992
13085,0.160023315
13087,0.223364166
13089,0.208353054
13091,0.171134021
13093,0.230831186
13095,0.208167298
13097,0.177656704
13099,0.171379277
13101,0.345694375
13103,0.156174744
13105,0.174880518
13107,0.240556569
13109,0.185535198
13111,0.17409269
13113,0.092567511
13115,0.18383525
13117,0.121691439
13119,0.189228796
13121,0.166239297
13123,0.217112262
13125,0.174072837
13127,0.20261062
13129,0.206543226
13131,0.245528585
13133,0.183532056
13135,0.212076207
13137,0.187287229
13139,0.202231444
13141,0.169010239
13143,0.163366865
13145,0.114097727
13147,0.183389459
13149,0.181077803
13151,0.151160048
13153,0.146775102
13155,0.176364253
13157,0.16383919
13159,0.176101557
13161,0.23734156
13163,0.244016747
13165,0.209593926
13167,0.207853982
13169,0.151964054
13171,0.184603299
13173,0.215847828
13175,0.155699327
13177,0.134366454
13179,0.138832134
13181,0.187572816
13183,0.18173965
13185,0.203220588
13187,0.15371438
13189,0.211068272
13191,0.179485357
13193,0.243398027
13195,0.176150987
13197,0.254623209
13199,0.202344522
13201,0.164304014
13205,0.224927481
13207,0.14467502
13209,0.205169816
13211,0.176127681
13213,0.215393643
13215,0.163565488
13217,0.174265159
13219,0.097056982
13221,0.151635964
13223,0.142963638
13225,0.187651599
13227,0.144576254
13229,0.209927335
13231,0.167577725
13233,0.191865021
13235,0.191686367
13237,0.172361427
13239,0.183215621
13241,0.252487562
13243,0.206830074
13245,0.176003127
13247,0.198281506
13249,0.242418236
13251,0.212182158
13253,0.204297369
13255,0.182092683
13257,0.17889819
13259,0.26783053
13261,0.162841141
13263,0.143967093
13265,0.201675643
13267,0.214752381
13269,0.183009709
13271,0.18350938
13273,0.238052602
13275,0.20252848
13277,0.244396959
13279,0.23620965
13281,0.147475516
13283,0.14639887
13285,0.177474301
13287,0.241810821
13289,0.171757519
13291,0.15301296
13293,0.159210828
13295,0.174796022
13297,0.152229856
13299,0.209408466
13301,0.155851159
13303,0.184394591
13305,0.245841365
13307,0.218692954
13309,0.209117413
13311,0.181506224
13313,0.238902846
13315,0.17239903
13317,0.1806562
13319,0.145100972
13321,0.219445492
15001,0.089676137
15003,0.056170913
15005,0.107692308
15007,0.091406952
15009,0.093632792
16001,0.124210787
16003,0.200361477
16005,0.133895439
16007,0.140677966
16009,0.220245331
16011,0.166891101
16013,0.175603091
16015,0.172176712
16017,0.183982844
16019,0.140154813
16021,0.285172158
16023,0.18401487
16025,0.291774892
16027,0.190201447
16029,0.099704579
16031,0.203911468
16033,0.37545565
16035,0.166732001
16037,0.14958775
16039,0.150857096
16041,0.159906213
16043,0.188177656
16045,0.202302037
16047,0.248149617
16049,0.17066852
16051,0.14311014
16053,0.288951211
16055,0.171116162
16057,0.092916843
16059,0.156743464
16061,0.205216928
16063,0.298312883
16065,0.108158483
16067,0.228595634
16069,0.132090471
16071,0.088836105
16073,0.279294451
16075,0.220877997
16077,0.143154878
16079,0.185950413
16081,0.215686275
16083,0.186811773
16085,0.194676409
16087,0.179194834
17001,0.089080329
17003,0.182350592
17005,0.071770915
17007,0.109062122
17009,0.075114679
17011,0.102597326
17013,0.056497175
17015,0.101489319
17017,0.102946718
17019,0.093424016
17021,0.096363748
17023,0.098974615
17025,0.109759715
17027,0.070030267
17029,0.120643077
17031,0.158986296
17033,0.103115687
17035,0.079573877
17037,0.100354429
17039,0.09135329
17041,0.193100996
17043,0.091369935
17045,0.09068559
17047,0.088244137
17049,0.081345223
17051,0.135239754
17053,0.105649466
17055,0.119582644
17057,0.086639347
17059,0.118394403
17061,0.100507387
17063,0.086268382
17065,0.11384764
17067,0.09642953
17069,0.083233676
17071,0.086583798
17073,0.074321308
17075,0.094258873
17077,0.110051876
17079,0.092046284
17081,0.114399978
17083,0.095070108
17085,0.074425081
17087,0.113365599
17089,0.128329877
17091,0.108668291
17093,0.063704533
17095,0.10792987
17097,0.109082659
17099,0.100730722
17101,0.091771869
17103,0.095994138
17105,0.080449726
17107,0.072814729
17109,0.089972206
17111,0.086169279
17113,0.068864024
17115,0.09951323
17117,0.092354228
17119,0.090911488
17121,0.112378361
17123,0.092306414
17125,0.108963466
17127,0.132837621
17129,0.07313947
17131,0.065739174
17133,0.056633424
17135,0.069069193
17137,0.095569225
17139,0.131436407
17141,0.084197833
17143,0.100150407
17145,0.110326169
17147,0.056327769
17149,0.121362623
17151,0.098993289
17153,0.124703892
17155,0.095262354
17157,0.086186186
17159,0.10010663
17161,0.104701579
17163,0.110077549
17165,0.124031966
17167,0.085435797
17169,0.16422367
17171,0.10765688
17173,0.084496159
17175,0.09386344
17177,0.088446095
17179,0.076542877
17181,0.119234966
17183,0.110797836
17185,0.097894284
17187,0.109014437
17189,0.075541579
17191,0.093040116
17193,0.105403884
17195,0.100080966
17197,0.092374998
17199,0.105578487
17201,0.118252204
17203,0.065609623
18001,0.259392767
18003,0.14512603
18005,0.122347758
18007,0.157659208
18009,0.169742887
18011,0.0853511
18013,0.156086782
18015,0.147442327
18017,0.16638558
18019,0.13538431
18021,0.14245251
18023,0.147066098
18025,0.113928842
18027,0.205652284
18029,0.10431589
18031,0.142663412
18033,0.134852099
18035,0.133063297
18037,0.085966733
18039,0.199327631
18041,0.177686301
18043,0.11728279
18045,0.112260058
18047,0.101616426
18049,0.139170462
18051,0.108742971
18053,0.140053027
18055,0.139530614
18057,0.073659994
18059,0.102627608
18061,0.104406204
18063,0.088013145
18065,0.157962199
18067,0.129985121
18069,0.117724469
18071,0.147323632
18073,0.116640464
18075,0.133814521
18077,0.137960913
18079,0.135374928
18081,0.105513201
18083,0.148665309
18085,0.156305575
18087,0.444621768
18089,0.146241418
18091,0.123304899
18093,0.143991355
18095,0.145592773
18097,0.165909163
18099,0.156109083
18101,0.132190103
18103,0.136740973
18105,0.113653063
18107,0.13812052
18109,0.124572559
18111,0.151493446
18113,0.147721197
18115,0.142500831
18117,0.145369706
18119,0.177728264
18121,0.161811474
18123,0.112161098
18125,0.113153268
18127,0.108858927
18129,0.069462493
18131,0.147999382
18133,0.13107148
18135,0.152226848
18137,0.099453591
18139,0.133908521
18141,0.135858034
18143,0.139387002
18145,0.144561789
18147,0.096513708
18149,0.131995685
18151,0.125704173
18153,0.162794357
18155,0.194986072
18157,0.122033322
18159,0.137457266
18161,0.13818132
18163,0.124797443
18165,0.131433297
18167,0.154370493
18169,0.102641438
18171,0.066282421
18173,0.08200448
18175,0.141734271
18177,0.175026395
18179,0.114803514
18181,0.112442663
18183,0.090972666
19001,0.068018932
19003,0.077303488
19005,0.116937523
19007,0.121926067
19009,0.09544431
19011,0.058585071
19013,0.075421989
19015,0.083913365
19017,0.037086203
19019,0.1025418
19021,0.117664567
19023,0.073255339
19025,0.072979557
19027,0.05217092
19029,0.086549186
19031,0.049056811
19033,0.081405074
19035,0.080652118
19037,0.068071845
19039,0.130658211
19041,0.085088096
19043,0.088720186
19045,0.077933396
19047,0.121286838
19049,0.05972732
19051,0.239105239
19053,0.128945437
19055,0.052443933
19057,0.089100934
19059,0.079975983
19061,0.056389897
19063,0.115931648
19065,0.092603521
19067,0.091856596
19069,0.086226741
19071,0.08696269
19073,0.070745908
19075,0.053804703
19077,0.082109228
19079,0.100685293
19081,0.051358967
19083,0.075600356
19085,0.088670294
19087,0.087509778
19089,0.088206992
19091,0.073147859
19093,0.084028777
19095,0.052221599
19097,0.077456826
19099,0.082937982
19101,0.141980046
19103,0.073269642
19105,0.059967837
19107,0.070304097
19109,0.060933563
19111,0.112064759
19113,0.06864679
19115,0.094410606
19117,0.102780997
19119,0.091730368
19121,0.072257897
19123,0.066988017
19125,0.052443529
19127,0.085254611
19129,0.066229687
19131,0.106018827
19133,0.08653308
19135,0.120634921
19137,0.091665055
19139,0.093542148
19141,0.079462103
19143,0.10353208
19145,0.10705032
19147,0.071925754
19149,0.053839902
19151,0.084685454
19153,0.078649848
19155,0.107272075
19157,0.069376694
19159,0.167886179
19161,0.071091001
19163,0.092366568
19165,0.073672623
19167,0.080439729
19169,0.058478635
19171,0.095343551
19173,0.113599215
19175,0.100298315
19177,0.151830339
19179,0.10978991
19181,0.051915095
19183,0.093072791
19185,0.108383806
19187,0.105082475
19189,0.055124149
19191,0.05537286
19193,0.117063023
19195,0.082551595
19197,0.083710055
20001,0.132877869
20003,0.135992863
20005,0.13991894
20007,0.109693353
20009,0.151422577
20011,0.110989761
20013,0.133285816
20015,0.097891848
20017,0.128440367
20019,0.169583931
20021,0.145107399
20023,0.132730015
20025,0.099384761
20027,0.065597846
20029,0.154089422
20031,0.102282232
20033,0.114798694
20035,0.11538023
20037,0.148408979
20039,0.14751773
20041,0.097325253
20043,0.127324016
20045,0.125264359
20047,0.155060034
20049,0.131214953
20051,0.094984962
20053,0.083532659
20055,0.165146827
20057,0.183498079
20059,0.096384603
20061,0.108474998
20063,0.123031856
20065,0.073512252
20067,0.171145686
20069,0.132291141
20071,0.066108787
20073,0.117362088
20075,0.219595883
20077,0.119226076
20079,0.098825115
20081,0.190086622
20083,0.15078534
20085,0.087698204
20087,0.091269204
20089,0.078982155
20091,0.081780568
20093,0.092156355
20095,0.129893937
20097,0.133848657
20099,0.138005365
20101,0.087622549
20103,0.090722998
20105,0.116436153
20107,0.107014578
20109,0.113910186
20111,0.162660789
20113,0.07554145
20115,0.090019082
20117,0.095529076
20119,0.111085397
20121,0.095921028
20123,0.066319896
20125,0.151744801
20127,0.101223776
20129,0.0975212
20131,0.065714286
20133,0.113688236
20135,0.08248439
20137,0.105494046
20139,0.12009035
20141,0.095379627
20143,0.122380553
20145,0.141277024
20147,0.088435374
20149,0.078043179
20151,0.103380135
20153,0.079761905
20155,0.133521392
20157,0.107869885
20159,0.152614512
20161,0.075358128
20163,0.116932271
20165,0.100856327
20167,0.080333626
20169,0.139574654
20171,0.079557105
20173,0.136529881
20175,0.192682399
20177,0.119839165
20179,0.098086124
20181,0.159900166
20183,0.082188089
20185,0.125761124
20187,0.132400932
20189,0.154852395
20191,0.110696357
20193,0.074306177
20195,0.119902405
20197,0.080640508
20199,0.154738878
20201,0.101682778
20203,0.134307903
20205,0.203756906
20207,0.157549234
20209,0.239646447
21001,0.170575693
21003,0.16495876
21005,0.112946636
21007,0.124800589
21009,0.150364092
21011,0.164047235
21013,0.178913504
21015,0.086034525
21017,0.14129222
21019,0.134582298
21021,0.126699254
21023,0.091827037
21025,0.152341434
21027,0.161939847
21029,0.087042584
21031,0.140837239
21033,0.141265982
21035,0.119272902
21037,0.117082555
21039,0.152327221
21041,0.176208952
21043,0.155518703
21045,0.193772287
21047,0.156369335
21049,0.129560748
21051,0.139696203
21053,0.132077352
21055,0.178874325
21057,0.219783479
21059,0.104986794
21061,0.104227224
21063,0.154573666
21065,0.155723497
21067,0.131055207
21069,0.20128391
21071,0.168158401
21073,0.131222838
21075,0.16469252
21077,0.155739645
21079,0.160040532
21081,0.131655891
21083,0.142745225
21085,0.161799248
21087,0.137850045
21089,0.140601275
21091,0.09249767
21093,0.114650439
21095,0.177798982
21097,0.156978636
21099,0.174377616
21101,0.126721824
21103,0.121344363
21105,0.157734205
21107,0.136938985
21109,0.190440175
21111,0.121724674
21113,0.130553685
21115,0.130680829
21117,0.119430013
21119,0.168972641
21121,0.162459115
21123,0.135911124
21125,0.1749231
21127,0.150962577
21129,0.162647961
21131,0.1562242
21133,0.148506521
21135,0.174040006
21137,0.173548626
21139,0.135164013
21141,0.159650576
21143,0.099618482
21145,0.123523477
21147,0.134586238
21149,0.102547771
21151,0.129008273
21153,0.170430895
21155,0.11577208
21157,0.093175596
21159,0.155675868
21161,0.136435562
21163,0.131453239
21165,0.140089657
21167,0.131733132
21169,0.189325277
21171,0.125715358
21173,0.138243477
21175,0.135722133
21177,0.141482194
21179,0.118693417
21181,0.163356362
21183,0.113983499
21185,0.061943814
21187,0.119809648
21189,0.14666956
21191,0.104352602
21193,0.173710446
21195,0.130559744
21197,0.166518471
21199,0.135042899
21201,0.143444495
21203,0.129866235
21205,0.157903787
21207,0.178553045
21209,0.092193506
21211,0.140955623
21213,0.1581085
21215,0.079595376
21217,0.168532062
21219,0.205669137
21221,0.173649316
21223,0.145906665
21225,0.171156788
21227,0.134833302
21229,0.10829925
21231,0.155837166
21233,0.146905069
21235,0.160067469
21237,0.133491753
21239,0.1240908
22001,0.165102515
22003,0.152528168
22005,0.124655728
22007,0.153614721
22009,0.18573645
22011,0.17315192
22013,0.158760049
22015,0.142728294
22017,0.17298742
22019,0.163888442
22021,0.220637234
22023,0.124850478
22025,0.283821329
22027,0.200599401
22029,0.260867263
22031,0.170410795
22033,0.137365507
22035,0.292382142
22037,0.152671322
22039,0.144811425
22041,0.227024497
22043,0.172314158
22045,0.16919862
22047,0.138458422
22049,0.159824814
22051,0.176987313
22053,0.145034224
22055,0.161096002
22057,0.163716584
22059,0.166460531
22061,0.184875934
22063,0.165542883
22065,0.366946514
22067,0.222364893
22069,0.188670945
22071,0.178425553
22073,0.218946662
22075,0.129619077
22077,0.158996748
22079,0.16182393
22081,0.187407492
22083,0.34116645
22085,0.173193717
22087,0.134398312
22089,0.139635916
22091,0.197617509
22093,0.141717308
22095,0.143186172
22097,0.152115375
22099,0.152592253
22101,0.199287586
22103,0.133358914
22105,0.174025003
22107,0.382804288
22109,0.171055124
22111,0.187013455
22113,0.155775963
22115,0.130461776
22117,0.187497222
22119,0.189493433
22121,0.121863799
22123,0.367851479
22125,0.141579351
22127,0.179958945
23001,0.094425441
23003,0.108238538
23005,0.086090972
23007,0.118645741
23009,0.154100541
23011,0.091957274
23013,0.135290166
23015,0.119618924
23017,0.123511071
23019,0.112848949
23021,0.136995097
23023,0.086234586
23025,0.121160643
23027,0.122929426
23029,0.132135904
23031,0.091154228
24001,0.082376319
24003,0.070239167
24005,0.090207838
24009,0.064337467
24011,0.127564122
24013,0.052650358
24015,0.086359839
24017,0.063011335
24019,0.094404181
24021,0.072950664
24023,0.125310132
24025,0.054072104
24027,0.068171716
24029,0.0927095
24031,0.111600242
24033,0.148419753
24035,0.051097329
24037,0.076227574
24039,0.123289584
24041,0.105840292
24043,0.090349876
24045,0.11492456
24047,0.104811469
24510,0.116451539
25001,0.048419963
25003,0.033183106
25005,0.040702344
25007,0.077691256
25009,0.042006083
25011,0.0352451
25013,0.043624139
25015,0.032567592
25017,0.034323245
25019,0.069879518
25021,0.024546002
25023,0.036179312
25025,0.054675326
25027,0.034915887
26001,0.115741618
26003,0.116129032
26005,0.103520615
26007,0.122879302
26009,0.133686614
26011,0.122434258
26013,0.099615089
26015,0.093771845
26017,0.099111827
26019,0.134906861
26021,0.12111147
26023,0.127442997
26025,0.114619918
26027,0.132062733
26029,0.108344967
26031,0.145199796
26033,0.134066314
26035,0.148957168
26037,0.076067451
26039,0.099547841
26041,0.118389637
26043,0.094151546
26045,0.089514995
26047,0.122952328
26049,0.095001226
26051,0.148107256
26053,0.151646091
26055,0.116094349
26057,0.112708818
26059,0.140946323
26061,0.102929424
26063,0.104269677
26065,0.08797513
26067,0.096498847
26069,0.123461691
26071,0.110410935
26073,0.119786081
26075,0.111347732
26077,0.097649951
26079,0.14248917
26081,0.103863237
26083,0.082065468
26085,0.150495942
26087,0.110229134
26089,0.108724832
26091,0.102819686
26093,0.076452566
26095,0.135184509
26097,0.162293133
26099,0.105102184
26101,0.126084912
26103,0.118621533
26105,0.128690573
26107,0.131099121
26109,0.117697047
26111,0.08908399
26113,0.126101285
26115,0.081714217
26117,0.132577445
26119,0.137519957
26121,0.104387619
26123,0.129603563
26125,0.092649669
26127,0.141279003
26129,0.121560828
26131,0.138688422
26133,0.140910472
26135,0.202192879
26137,0.118985967
26139,0.077156056
26141,0.123747881
26143,0.132956922
26145,0.100130621
26147,0.107807808
26149,0.119929804
26151,0.146499393
26153,0.128314279
26155,0.113863965
26157,0.11354999
26159,0.137383937
26161,0.070994703
26163,0.139376092
26165,0.131150066
27001,0.082815472
27003,0.073800163
27005,0.116621655
27007,0.141531789
27009,0.092967633
27011,0.055181962
27013,0.065341971
27015,0.059185212
27017,0.07598749
27019,0.048585237
27021,0.102187202
27023,0.103697549
27025,0.073864502
27027,0.06815324
27029,0.137037037
27031,0.100990484
27033,0.063039498
27035,0.090689899
27037,0.066181114
27039,0.060948306
27041,0.072634854
27043,0.074878537
27045,0.095654297
27047,0.082535846
27049,0.082817507
27051,0.069251609
27053,0.087181474
27055,0.054598164
27057,0.094587313
27059,0.081840757
27061,0.098187853
27063,0.066712789
27065,0.097067302
27067,0.079556898
27069,0.080191912
27071,0.093959732
27073,0.053848363
27075,0.072922555
27077,0.082610913
27079,0.066269438
27081,0.069002123
27083,0.065316555
27085,0.077449447
27087,0.169943046
27089,0.077235338
27091,0.084668869
27093,0.087487417
27095,0.093651668
27097,0.079847328
27099,0.09873086
27101,0.072954787
27103,0.051776867
27105,0.135873135
27107,0.084039976
27109,0.065736833
27111,0.06906546
27113,0.069286901
27115,0.10446039
27117,0.088977999
27119,0.079947153
27121,0.071421937
27123,0.09710321
27125,0.066121842
27127,0.089201878
27129,0.076693029
27131,0.081919855
27133,0.079795178
27135,0.05605162
27137,0.07448201
27139,0.064108019
27141,0.065396645
27143,0.066755853
27145,0.071790989
27147,0.058222025
27149,0.045228731
27151,0.071254632
27153,0.129540051
27155,0.054977712
27157,0.063536041
27159,0.080471705
27161,0.064923505
27163,0.051699846
27165,0.124375851
27167,0.060464391
27169,0.091400917
27171,0.061470426
27173,0.083208918
28001,0.199847899
28003,0.184504858
28005,0.149933898
28007,0.153383934
28009,0.171650577
28011,0.189440713
28013,0.173895309
28015,0.146914308
28017,0.174629228
28019,0.165278281
28021,0.21286387
28023,0.15572324
28025,0.169440994
28027,0.18028951
28029,0.199494337
28031,0.165635238
28033,0.139219621
28035,0.166340925
28037,0.188811189
28039,0.188888394
28041,0.214672442
28043,0.154957999
28045,0.208925988
28047,0.20161117
28049,0.175521896
28051,0.213030981
28053,0.199401463
28055,0.209839357
28057,0.122162769
28059,0.183212658
28061,0.135730718
28063,0.135944056
28065,0.230377846
28067,0.16786688
28069,0.162400164
28071,0.147113331
28073,0.152185711
28075,0.143707428
28077,0.180816488
28079,0.20345679
28081,0.140428695
28083,0.212415663
28085,0.149132543
28087,0.172870412
28089,0.094657804
28091,0.178471029
28093,0.191874929
28095,0.142670376
28097,0.138360593
28099,0.193271246
28101,0.154763013
28103,0.222604601
28105,0.126793861
28107,0.160728355
28109,0.199573772
28111,0.211254765
28113,0.166633029
28115,0.184977243
28117,0.166746584
28119,0.222826087
28121,0.117998757
28123,0.204539768
28125,0.223871237
28127,0.183722233
28129,0.13362016
28131,0.177896798
28133,0.202216406
28135,0.155255631
28137,0.152552638
28139,0.149151615
28141,0.170846965
28143,0.187241412
28145,0.183161059
28147,0.162340695
28149,0.186209925
28151,0.212138974
28153,0.180800078
28155,0.155309512
28157,0.191211122
28159,0.165606826
28161,0.13164557
28163,0.186729277
29001,0.114968404
29003,0.106907223
29005,0.125626276
29007,0.140515516
29009,0.184462726
29011,0.120137863
29013,0.152249135
29015,0.141470698
29017,0.115140673
29019,0.090449704
29021,0.140300264
29023,0.140750195
29025,0.110530413
29027,0.115436656
29029,0.170234783
29031,0.109723779
29033,0.113781698
29035,0.17792
29037,0.107706546
29039,0.199752403
29041,0.08631467
29043,0.134197988
29045,0.158092486
29047,0.101209407
29049,0.137630662
29051,0.096270134
29053,0.119398327
29055,0.134817183
29057,0.187160101
29059,0.211281303
29061,0.223966638
29063,0.100074922
29065,0.186435209
29067,0.184852089
29069,0.166672029
29071,0.107747512
29073,0.100346021
29075,0.140292653
29077,0.146852111
29079,0.161763249
29081,0.120645611
29083,0.138684463
29085,0.191256831
29087,0.122489083
29089,0.104378109
29091,0.137023979
29093,0.161578113
29095,0.155948622
29097,0.172190345
29099,0.105575169
29101,0.109397667
29103,0.227794411
29105,0.173042983
29107,0.107805433
29109,0.154948262
29111,0.095725467
29113,0.11832522
29115,0.148067457
29117,0.128419674
29119,0.209515419
29121,0.138576779
29123,0.166160663
29125,0.146447237
29127,0.133852943
29129,0.161684783
29131,0.156421181
29133,0.200686374
29135,0.164230019
29137,0.154803443
29139,0.134135929
29141,0.233789589
29143,0.195255875
29145,0.160625604
29147,0.108618918
29149,0.174654378
29151,0.074758842
29153,0.166701549
29155,0.178104483
29157,0.073843037
29159,0.160226725
29161,0.122489142
29163,0.143120393
29165,0.081711636
29167,0.13613128
29169,0.125980503
29171,0.156527119
29173,0.124803304
29175,0.133298911
29177,0.096338102
29179,0.144128933
29181,0.184363142
29183,0.072075695
29185,0.175825346
29186,0.083108564
29187,0.138424043
29189,0.095539925
29195,0.105697807
29197,0.195065714
29199,0.333333333
29201,0.131439502
29203,0.169665499
29205,0.143426295
29207,0.162536493
29209,0.167877861
29211,0.140675613
29213,0.228165213
29215,0.154119494
29217,0.173758173
29219,0.11080502
29221,0.173509713
29223,0.16378012
29225,0.214325795
29227,0.154487494
29229,0.179945504
29510,0.178281535
30001,0.112312903
30003,0.416042037
30005,0.333025546
30007,0.147334868
30009,0.141419126
30011,0.227004219
30013,0.142769459
30015,0.213743094
30017,0.118061523
30019,0.07367829
30021,0.106154715
30023,0.146556598
30025,0.12160804
30027,0.14945797
30029,0.189523384
30031,0.125293826
30033,0.183561644
30035,0.371667654
30037,0.147696477
30039,0.153127015
30041,0.204084136
30043,0.107563025
30045,0.15916955
30047,0.255892373
30049,0.105252491
30051,0.14816493
30053,0.218287554
30055,0.082758621
30057,0.167275574
30059,0.241862794
30061,0.252644231
30063,0.160298356
30065,0.120609395
30067,0.167835317
30069,0.255623722
30071,0.175054178
30073,0.175849179
30075,0.1829559
30077,0.142002176
30079,0.152019002
30081,0.192925089
30083,0.192239198
30085,0.286866792
30087,0.230436662
30089,0.243171101
30091,0.088354577
30093,0.167680586
30095,0.104250902
30097,0.131197772
30099,0.154601431
30101,0.211678832
30103,0.105124836
30105,0.135805799
30107,0.115734099
30109,0.139004149
30111,0.147962931
31001,0.115446475
31003,0.100279851
31005,0.125
31007,0.152284264
31009,0.296296296
31011,0.071091835
31013,0.108605821
31015,0.120529152
31017,0.123152709
31019,0.083637996
31021,0.104943888
31023,0.085917392
31025,0.071569218
31027,0.088091354
31029,0.12863706
31031,0.130205588
31033,0.082553106
31035,0.113010446
31037,0.1493756
31039,0.090970199
31041,0.119797525
31043,0.168174123
31045,0.154721149
31047,0.140123663
31049,0.148186528
31051,0.113389626
31053,0.122109747
31055,0.124401385
31057,0.149300156
31059,0.087169264
31061,0.115061409
31063,0.102574257
31065,0.104205511
31067,0.072394627
31069,0.180474934
31071,0.128058303
31073,0.106122449
31075,0.154083205
31077,0.122614698
31079,0.162654555
31081,0.062325477
31083,0.108306428
31085,0.2069869
31087,0.15815428
31089,0.100214258
31091,0.072507553
31093,0.059020045
31095,0.100677507
31097,0.110949612
31099,0.085878158
31101,0.141135972
31103,0.079622132
31105,0.158562939
31107,0.114785526
31109,0.102492443
31111,0.105766534
31113,0.133333333
31115,0.109123435
31117,0.016431925
31119,0.121762861
31121,0.100234619
31123,0.147753396
31125,0.112136465
31127,0.087213391
31129,0.111492674
31131,0.087105757
31133,0.177187154
31135,0.101174033
31137,0.069027142
31139,0.080770866
31141,0.10640942
31143,0.089803013
31145,0.097504191
31147,0.077867328
31149,0.137464387
31151,0.109193353
31153,0.071637093
31155,0.070751737
31157,0.150521034
31159,0.063168008
31161,0.166698492
31163,0.075742736
31165,0.115715403
31167,0.112095848
31169,0.078676179
31171,0.093708166
31173,0.296371849
31175,0.131784783
31177,0.070448536
31179,0.087260405
31181,0.108965517
31183,0.10259434
31185,0.077177923
32001,0.17628765
32003,0.208997919
32005,0.143896593
32007,0.167867564
32009,0.250731707
32011,0.224068768
32013,0.204112038
32015,0.168137089
32017,0.196428571
32019,0.189191832
32021,0.201591512
32023,0.200431945
32027,0.199958898
32029,0.184324738
32031,0.193812231
32033,0.156218684
32510,0.186181804
33001,0.11889322
33003,0.151760369
33005,0.108745237
33007,0.142857143
33009,0.117444512
33011,0.095689342
33013,0.097204349
33015,0.084360616
33017,0.119288123
33019,0.120853744
34001,0.136636863
34003,0.121653195
34005,0.074231099
34007,0.117032696
34009,0.093354582
34011,0.152879653
34013,0.16990763
34015,0.081675353
34017,0.211996702
34019,0.051032608
34021,0.112724808
34023,0.125668292
34025,0.096364407
34027,0.080239778
34029,0.090376999
34031,0.179024896
34033,0.108530019
34035,0.085218714
34037,0.08795507
34039,0.157119004
34041,0.092831753
35001,0.157952804
35003,0.230853994
35005,0.186522429
35006,0.244617553
35007,0.155157582
35009,0.165546834
35011,0.17628866
35013,0.198204736
35015,0.148096299
35017,0.110780618
35019,0.118255169
35021,0.123853211
35023,0.18366465
35025,0.217921015
35027,0.143135784
35028,0.052395629
35029,0.219123506
35031,0.347010406
35033,0.203727234
35035,0.177816728
35037,0.140541158
35039,0.213913131
35041,0.172006316
35043,0.133743417
35045,0.255505454
35047,0.184770318
35049,0.187031142
35051,0.197048611
35053,0.16112824
35055,0.180440561
35057,0.175699704
35059,0.183836819
35061,0.150262046
36001,0.068213298
36003,0.098346969
36005,0.147661724
36007,0.079552127
36009,0.112168074
36011,0.094562493
36013,0.086223757
36015,0.075212867
36017,0.092579821
36019,0.062030343
36021,0.080881505
36023,0.076518991
36025,0.096872387
36027,0.085280979
36029,0.063760328
36031,0.092768066
36033,0.112901491
36035,0.104238642
36037,0.088594102
36039,0.087517556
36041,0.093717167
36043,0.090151825
36045,0.086428665
36047,0.131133124
36049,0.106106443
36051,0.060676031
36053,0.065241845
36055,0.067166012
36057,0.106895991
36059,0.084345089
36061,0.097750653
36063,0.071945557
36065,0.069235681
36067,0.077355676
36069,0.078778671
36071,0.090239239
36073,0.096459865
36075,0.084876926
36077,0.084259093
36079,0.086635238
36081,0.170549502
36083,0.064324815
36085,0.075986665
36087,0.095101522
36089,0.111073194
36091,0.057037517
36093,0.078750212
36095,0.074759345
36097,0.10780134
36099,0.111384843
36101,0.107671216
36103,0.092819373
36105,0.127738105
36107,0.081694584
36109,0.058278431
36111,0.103407019
36113,0.088575929
36115,0.104989292
36117,0.090121544
36119,0.104757027
36121,0.078558055
36123,0.19556484
37001,0.162375913
37003,0.131324836
37005,0.202810131
37007,0.193081684
37009,0.174969353
37011,0.201908589
37013,0.153903173
37015,0.151044072
37017,0.175151744
37019,0.154413864
37021,0.161384543
37023,0.155424485
37025,0.148674139
37027,0.167245071
37029,0.093859561
37031,0.168370433
37033,0.155816771
37035,0.149635823
37037,0.141302351
37039,0.212833191
37041,0.139642758
37043,0.232659645
37045,0.150416018
37047,0.191698306
37049,0.153817593
37051,0.140701508
37053,0.173474512
37055,0.187403547
37057,0.145643733
37059,0.137355271
37061,0.22800306
37063,0.157585869
37065,0.183566209
37067,0.152009307
37069,0.168872262
37071,0.172003451
37073,0.122075712
37075,0.234639462
37077,0.137344072
37079,0.173951412
37081,0.153910197
37083,0.151100581
37085,0.154751311
37087,0.161667009
37089,0.161420508
37091,0.148634713
37093,0.140714707
37095,0.233195348
37097,0.139128982
37099,0.179789798
37101,0.159646434
37103,0.175415878
37105,0.180070535
37107,0.175905853
37109,0.147995208
37111,0.146822697
37113,0.206653166
37115,0.139071249
37117,0.183931194
37119,0.162111334
37121,0.144723024
37123,0.186567724
37125,0.125435461
37127,0.151415552
37129,0.150030881
37131,0.157743879
37133,0.135563008
37135,0.109871911
37137,0.165515025
37139,0.16874741
37141,0.171251431
37143,0.174876847
37145,0.148971193
37147,0.145226542
37149,0.140060766
37151,0.170471529
37153,0.182218075
37155,0.215374865
37157,0.137223459
37159,0.169182706
37161,0.165500778
37163,0.193528993
37165,0.157195593
37167,0.142248593
37169,0.128895398
37171,0.173677107
37173,0.260913413
37175,0.182128681
37177,0.242232609
37179,0.131726646
37181,0.166647958
37183,0.12832868
37185,0.165679275
37187,0.156542976
37189,0.115581296
37191,0.161292758
37193,0.164828234
37195,0.189456527
37197,0.145665749
37199,0.169651542
38001,0.090074333
38003,0.067021667
38005,0.197360617
38007,0.121637427
38009,0.098717146
38011,0.065300896
38013,0.127798507
38015,0.074762475
38017,0.088011578
38019,0.044456067
38021,0.094113014
38023,0.087254454
38025,0.152784875
38027,0.064319861
38029,0.066103669
38031,0.073074591
38033,0.135196805
38035,0.080313964
38037,0.109435588
38039,0.090106007
38041,0.074927954
38043,0.110790774
38045,0.07324291
38047,0.059353471
38049,0.122959546
38051,0.056886228
38053,0.205882353
38055,0.097882146
38057,0.080047506
38059,0.060952449
38061,0.176027794
38063,0.093770931
38065,0.097707424
38067,0.072379603
38069,0.09745662
38071,0.111151274
38073,0.067524116
38075,0.067583974
38077,0.067580985
38079,0.334107545
38081,0.042592109
38083,0.084848485
38085,0.316393443
38087,0.08951049
38089,0.089971778
38091,0.098385469
38093,0.093642995
38095,0.071904128
38097,0.058171745
38099,0.088416598
38101,0.095848234
38103,0.086956522
38105,0.094006875
39001,0.17056499
39003,0.11275797
39005,0.142982006
39007,0.128711343
39009,0.093337695
39011,0.076252675
39013,0.106288174
39015,0.126425012
39017,0.097790812
39019,0.142159292
39021,0.097713629
39023,0.111020071
39025,0.098952499
39027,0.112423615
39029,0.12335879
39031,0.16153487
39033,0.104779152
39035,0.108202854
39037,0.107650252
39039,0.108637485
39041,0.047070991
39043,0.106061008
39045,0.081699728
39047,0.143915083
39049,0.124406787
39051,0.068914817
39053,0.151314489
39055,0.113972679
39057,0.083113216
39059,0.127639546
39061,0.108288607
39063,0.103692572
39065,0.119225415
39067,0.111298155
39069,0.082807372
39071,0.165115357
39073,0.130139636
39075,0.436647955
39077,0.106825078
39079,0.123923636
39081,0.104996016
39083,0.14851567
39085,0.090329469
39087,0.114469088
39089,0.099562941
39091,0.136905684
39093,0.089541947
39095,0.115859462
39097,0.121523486
39099,0.102563545
39101,0.124152977
39103,0.078219138
39105,0.140661787
39107,0.079619095
39109,0.099071359
39111,0.116079463
39113,0.115032444
39115,0.134378802
39117,0.110825561
39119,0.120855087
39121,0.128932655
39123,0.094827375
39125,0.080721698
39127,0.120703169
39129,0.09802003
39131,0.146657183
39133,0.096443855
39135,0.108586284
39137,0.04620093
39139,0.119008904
39141,0.12372931
39143,0.100263233
39145,0.14268536
39147,0.096658517
39149,0.085909455
39151,0.102659872
39153,0.102398935
39155,0.123790742
39157,0.12686176
39159,0.08025286
39161,0.105471372
39163,0.116092995
39165,0.065141967
39167,0.107835876
39169,0.148282225
39171,0.1029978
39173,0.074581263
39175,0.094264878
40001,0.282752417
40003,0.14942283
40005,0.230634782
40007,0.164005806
40009,0.183886839
40011,0.151883053
40013,0.212665385
40015,0.243888573
40017,0.114593763
40019,0.176386615
40021,0.259887125
40023,0.228876292
40025,0.175647009
40027,0.128727943
40029,0.227562446
40031,0.165565509
40033,0.170520712
40035,0.200898268
40037,0.1833028
40039,0.204364726
40041,0.205890959
40043,0.173525668
40045,0.094969325
40047,0.150311081
40049,0.193431868
40051,0.161565241
40053,0.118999324
40055,0.195402299
40057,0.152040448
40059,0.172228202
40061,0.246333621
40063,0.2312741
40065,0.156764205
40067,0.200289343
40069,0.216543006
40071,0.180765056
40073,0.137655595
40075,0.187847715
40077,0.223529412
40079,0.238766916
40081,0.171526082
40083,0.167120255
40085,0.147387273
40087,0.14169779
40089,0.233689169
40091,0.199630499
40093,0.163612393
40095,0.214362817
40097,0.206724384
40099,0.203661844
40101,0.209642398
40103,0.121631143
40105,0.180966184
40107,0.206308535
40109,0.187517774
40111,0.17424087
40113,0.158978991
40115,0.19333839
40117,0.18269348
40119,0.144950153
40121,0.197047303
40123,0.204852112
40125,0.171156177
40127,0.250716332
40129,0.142818647
40131,0.130668708
40133,0.226137271
40135,0.240418792
40137,0.162784919
40139,0.201657071
40141,0.167761835
40143,0.175604622
40145,0.153606531
40147,0.152818208
40149,0.147743177
40151,0.125318761
40153,0.129495308
41001,0.121904273
41003,0.100463967
41005,0.111441513
41007,0.160748587
41009,0.118251718
41011,0.142632747
41013,0.154043211
41015,0.142284118
41017,0.166800039
41019,0.142566
41021,0.173981191
41023,0.144027778
41025,0.150356993
41027,0.173928476
41029,0.172047878
41031,0.200227964
41033,0.148760029
41035,0.153827357
41037,0.162100148
41039,0.148073677
41041,0.17453736
41043,0.140611703
41045,0.193699996
41047,0.16509758
41049,0.171647783
41051,0.145603687
41053,0.11356164
41055,0.169273743
41057,0.13909224
41059,0.172755051
41061,0.149266643
41063,0.144744568
41065,0.190521973
41067,0.130294675
41069,0.120356612
41071,0.138113008
42001,0.093630605
42003,0.074781986
42005,0.084768759
42007,0.074014553
42009,0.112505382
42011,0.100562629
42013,0.093507907
42015,0.116574827
42017,0.062769547
42019,0.069011357
42021,0.07665582
42023,0.082651391
42025,0.105416706
42027,0.069514495
42029,0.081051549
42031,0.09994106
42033,0.102446803
42035,0.107967371
42037,0.070226752
42039,0.133736731
42041,0.072504171
42043,0.10001803
42045,0.085766407
42047,0.067340606
42049,0.089275318
42051,0.105423716
42053,0.087432968
42055,0.125936692
42057,0.098367347
42059,0.089053697
42061,0.094470812
42063,0.11585668
42065,0.111243669
42067,0.151252959
42069,0.089734025
42071,0.131516535
42073,0.090255798
42075,0.112889928
42077,0.1074679
42079,0.094098394
42081,0.098585109
42083,0.08963106
42085,0.095483491
42087,0.154439318
42089,0.121557398
42091,0.062838257
42093,0.076149506
42095,0.083889647
42097,0.1081024
42099,0.118461437
42101,0.141237852
42103,0.10348796
42105,0.120928882
42107,0.096054974
42109,0.143874716
42111,0.09757206
42113,0.095919023
42115,0.119844174
42117,0.113565346
42119,0.115287141
42121,0.095747266
42123,0.093070921
42125,0.074623106
42127,0.103533686
42129,0.068191399
42131,0.092863285
42133,0.087207826
44001,0.075966539
44003,0.073891445
44005,0.084366655
44007,0.126245836
44009,0.066882305
45001,0.149871424
45003,0.147051712
45005,0.229942934
45007,0.152421017
45009,0.17884603
45011,0.15891332
45013,0.163192406
45015,0.165248916
45017,0.172968624
45019,0.156951659
45021,0.165210786
45023,0.156335643
45025,0.183324251
45027,0.195809512
45029,0.192159979
45031,0.170469719
45033,0.190057165
45035,0.139010215
45037,0.151715481
45039,0.17208919
45041,0.141394885
45043,0.195246691
45045,0.156279182
45047,0.171678905
45049,0.154232983
45051,0.213394064
45053,0.23504443
45055,0.156852586
45057,0.163069575
45059,0.167920798
45061,0.159392233
45063,0.140783055
45065,0.105124384
45067,0.185165604
45069,0.165020707
45071,0.130606967
45073,0.163557835
45075,0.182635988
45077,0.130328724
45079,0.130551278
45081,0.197494696
45083,0.16784045
45085,0.16090072
45087,0.133448251
45089,0.215313868
45091,0.136699144
46003,0.081898201
46005,0.11221478
46007,0.234720992
46009,0.074378719
46011,0.087968235
46013,0.074500893
46015,0.114678012
46017,0.505216095
46019,0.180140164
46021,0.075
46023,0.179712727
46025,0.086932137
46027,0.118288957
46029,0.084670036
46031,0.235322659
46033,0.10155376
46035,0.09016224
46037,0.120705326
46039,0.077336449
46041,0.343401062
46043,0.130615066
46045,0.067943806
46047,0.128094885
46049,0.075593952
46051,0.08432898
46053,0.099785152
46055,0.082559844
46057,0.086358163
46059,0.071732523
46061,0.100884956
46063,0.098214286
46065,0.079834992
46067,0.080608147
46069,0.095505618
46071,0.22144448
46073,0.087562189
46075,0.085714286
46077,0.065066455
46079,0.065394162
46081,0.137710466
46083,0.052916329
46085,0.224436287
46087,0.081688596
46089,0.115135834
46091,0.083297086
46093,0.107854205
46095,0.219785575
46097,0.075348432
46099,0.097081603
46101,0.099859133
46103,0.128239935
46105,0.121395037
46107,0.068334078
46109,0.201264697
46111,0.073734729
46113,0.40159174
46115,0.075804939
46117,0.11997319
46119,0.108829569
46121,0.300948109
46123,0.147156573
46125,0.085277947
46127,0.056574087
46129,0.090103676
46135,0.096562856
46137,0.285512866
47001,0.111776152
47003,0.169121707
47005,0.154525795
47007,0.149288508
47009,0.12423242
47011,0.144955906
47013,0.14240554
47015,0.137903167
47017,0.125864898
47019,0.149422222
47021,0.132437423
47023,0.135312955
47025,0.114820483
47027,0.139022176
47029,0.170554102
47031,0.144178258
47033,0.166202866
47035,0.148655352
47037,0.163971318
47039,0.128595157
47041,0.167253897
47043,0.128504673
47045,0.112767767
47047,0.112023644
47049,0.164990394
47051,0.106313926
47053,0.131519414
47055,0.144021739
47057,0.124883587
47059,0.137036268
47061,0.180745388
47063,0.170130226
47065,0.123722553
47067,0.153293596
47069,0.145481993
47071,0.155294301
47073,0.116564636
47075,0.165262868
47077,0.124462744
47079,0.141307433
47081,0.174108703
47083,0.140808824
47085,0.128761526
47087,0.143196203
47089,0.132352083
47091,0.125237076
47093,0.110858983
47095,0.119984341
47097,0.166236281
47099,0.162316613
47101,0.147547938
47103,0.126797583
47105,0.126320271
47107,0.137639578
47109,0.148155325
47111,0.149768861
47113,0.126151819
47115,0.15052033
47117,0.157844991
47119,0.12656411
47121,0.168800831
47123,0.151136389
47125,0.121945904
47127,0.128587462
47129,0.126052211
47131,0.149634564
47133,0.130560264
47135,0.173298769
47137,0.173461231
47139,0.12339238
47141,0.148075093
47143,0.128181818
47145,0.121115251
47147,0.126563583
47149,0.130206063
47151,0.179956946
47153,0.116728781
47155,0.211505572
47157,0.153749083
47159,0.11938716
47161,0.134944381
47163,0.125989331
47165,0.114735828
47167,0.114902357
47169,0.139803058
47171,0.119753777
47173,0.11912787
47175,0.149479832
47177,0.158630506
47179,0.120961256
47181,0.146574973
47183,0.124652768
47185,0.126113164
47187,0.060100866
47189,0.109077735
48001,0.193124236
48003,0.223725221
48005,0.199525303
48007,0.197283257
48009,0.146438746
48011,0.111347896
48013,0.203829565
48015,0.17344611
48017,0.330463481
48019,0.211105137
48021,0.220554649
48023,0.19966443
48025,0.214756152
48027,0.153106722
48029,0.19131307
48031,0.214
48033,0.048816568
48035,0.215324543
48037,0.181599191
48039,0.176604923
48041,0.161226378
48043,0.205446623
48045,0.252342286
48047,0.27711364
48049,0.193554533
48051,0.171032538
48053,0.180902905
48055,0.239188308
48057,0.162389961
48059,0.24289868
48061,0.33228809
48063,0.227199093
48065,0.153744421
48067,0.196992028
48069,0.326901249
48071,0.190061941
48073,0.231321692
48075,0.153093324
48077,0.165502058
48079,0.313488059
48081,0.204749679
48083,0.27022616
48085,0.141222463
48087,0.237583893
48089,0.200264408
48091,0.156918949
48093,0.276733731
48095,0.197948328
48097,0.195389595
48099,0.117109454
48101,0.26998112
48103,0.193555556
48105,0.180063458
48107,0.257388955
48109,0.261511729
48111,0.237771346
48113,0.263901796
48115,0.227005533
48117,0.250065312
48119,0.211281256
48121,0.151457819
48123,0.181354932
48125,0.206190476
48127,0.272457099
48129,0.169505725
48131,0.283349914
48133,0.218619016
48135,0.260540616
48137,0.179474467
48139,0.191222918
48141,0.271697008
48143,0.227259847
48145,0.222736495
48147,0.192516304
48149,0.151571317
48151,0.192557897
48153,0.203332255
48155,0.148708816
48157,0.162453304
48159,0.195718654
48161,0.215292304
48163,0.270905691
48165,0.357278808
48167,0.172261804
48169,0.228445099
48171,0.181421119
48173,0.186554622
48175,0.111526221
48177,0.277373001
48179,0.208644028
48181,0.193310954
48183,0.213248391
48185,0.203067902
48187,0.161365851
48189,0.208967221
48191,0.255610973
48193,0.134215735
48195,0.17327728
48197,0.169070114
48199,0.185842647
48201,0.252208549
48203,0.201230109
48205,0.145969499
48207,0.174503246
48209,0.172285221
48211,0.234213836
48213,0.232797106
48215,0.357425424
48217,0.211440542
48219,0.219153733
48221,0.181307506
48223,0.243321403
48225,0.182450429
48227,0.190656732
48229,0.293337753
48231,0.215482019
48233,0.212677997
48235,0.202094886
48237,0.191109963
48239,0.153726268
48241,0.225401376
48243,0.223873874
48245,0.228722891
48247,0.259018897
48249,0.222524044
48251,0.217747905
48253,0.186232945
48255,0.150147866
48257,0.203949105
48259,0.135064497
48261,0.325757576
48263,0.164807931
48265,0.193040884
48267,0.225617978
48269,0.217241379
48271,0.238396624
48273,0.24258323
48275,0.193016222
48277,0.195120455
48279,0.22881418
48281,0.209308292
48283,0.292831887
48285,0.163765448
48287,0.189789192
48289,0.198777125
48291,0.243529761
48293,0.236938302
48295,0.203083309
48297,0.182258224
48299,0.170615118
48301,0.359550562
48303,0.183687845
48305,0.216990966
48307,0.164572555
48309,0.181838252
48311,0.179566563
48313,0.210510359
48315,0.218897174
48317,0.264226025
48319,0.241983226
48321,0.240697192
48323,0.344158904
48325,0.163058935
48327,0.253613054
48329,0.215188131
48331,0.166151662
48333,0.157660521
48335,0.214852941
48337,0.222896251
48339,0.179252298
48341,0.212855062
48343,0.174998019
48345,0.299488055
48347,0.237073579
48349,0.228910573
48351,0.214592275
48353,0.208338937
48355,0.199200529
48357,0.233902509
48359,0.125074806
48361,0.182876437
48363,0.228878704
48365,0.183946488
48367,0.166907409
48369,0.233719537
48371,0.205631082
48373,0.220232101
48375,0.253937972
48377,0.361491016
48379,0.225126089
48381,0.145034597
48383,0.327476959
48385,0.242830995
48387,0.195923628
48389,0.22396788
48391,0.207922188
48393,0.137445887
48395,0.211854029
48397,0.12991625
48399,0.214048131
48401,0.208586719
48403,0.254950732
48405,0.243022305
48407,0.210630881
48409,0.209369247
48411,0.177482701
48413,0.250076523
48415,0.185080749
48417,0.206668669
48419,0.262038602
48421,0.246593553
48423,0.209407744
48425,0.212732919
48427,0.388577373
48429,0.247584404
48431,0.279122542
48433,0.166666667
48435,0.271352986
48437,0.179941414
48439,0.205056559
48441,0.1848041
48443,0.158220025
48445,0.256164856
48447,0.214876033
48449,0.245701694
48451,0.20072848
48453,0.186370721
48455,0.206115358
48457,0.168997972
48459,0.187935507
48461,0.2625
48463,0.23759712
48465,0.257858936
48467,0.212225156
48469,0.205266512
48471,0.157301612
48473,0.256803751
48475,0.174683778
48477,0.159395119
48479,0.339780273
48481,0.226827062
48483,0.268142235
48485,0.183135225
48487,0.182034184
48489,0.3117737
48491,0.14041111
48493,0.151022358
48495,0.269806398
48497,0.192914908
48499,0.197226242
48501,0.236173393
48503,0.21876034
48505,0.325797591
48507,0.260015375
49001,0.121736395
49003,0.096100584
49005,0.115649858
49007,0.143150849
49009,0.065108514
49011,0.089778922
49013,0.151175635
49015,0.132448487
49017,0.206342753
49019,0.274209219
49021,0.201544017
49023,0.161009488
49025,0.191023843
49027,0.184494129
49029,0.095310136
49031,0.204472843
49033,0.105934066
49035,0.158333412
49037,0.26549636
49039,0.18551545
49041,0.179732125
49043,0.128141302
49045,0.111285584
49047,0.168803107
49049,0.126302086
49051,0.147662373
49053,0.176300437
49055,0.232575202
49057,0.150641355
50001,0.071767465
50003,0.053651267
50005,0.080699242
50007,0.052500603
50009,0.114588349
50011,0.062368929
50013,0.053302765
50015,0.104328479
50017,0.071492962
50019,0.086153614
50021,0.07233258
50023,0.061393815
50025,0.067946926
50027,0.072659433
51001,0.176768756
51003,0.082175534
51005,0.100100921
51007,0.125
51009,0.122425987
51011,0.108891838
51013,0.108600573
51015,0.107937325
51017,0.142389882
51019,0.096872545
51021,0.10971192
51023,0.055772397
51025,0.137799921
51027,0.11912419
51029,0.159958362
51031,0.130586785
51033,0.136954775
51035,0.163442452
51036,0.132009509
51037,0.203996737
51041,0.102326016
51043,0.09947346
51045,0.125891652
51047,0.120777958
51049,0.188237668
51051,0.115618264
51053,0.143463128
51057,0.147265836
51059,0.118479711
51061,0.102035888
51063,0.126178862
51065,0.106212994
51067,0.135885765
51069,0.118144683
51071,0.167771726
51073,0.124016838
51075,0.066363273
51077,0.14074172
51079,0.128205128
51081,0.109386369
51083,0.150105769
51085,0.057879714
51087,0.117985455
51089,0.153354206
51091,0.197519929
51093,0.100131226
51095,0.078979344
51097,0.181959565
51099,0.080265891
51101,0.098580096
51103,0.109869311
51105,0.159594442
51107,0.086769737
51109,0.161515602
51111,0.146962306
51113,0.143229366
51115,0.081176203
51117,0.145662205
51119,0.085692498
51121,0.088770626
51125,0.126457701
51127,0.070426321
51131,0.232892756
51133,0.142369576
51135,0.157247657
51137,0.13213142
51139,0.153366216
51141,0.15553351
51143,0.128798982
51145,0.080327933
51147,0.145921222
51149,0.093620126
51153,0.134573073
51155,0.11920785
51157,0.142452448
51159,0.098844494
51161,0.069593872
51163,0.132510028
51165,0.139443629
51167,0.14691708
51169,0.118461262
51171,0.133284259
51173,0.13073314
51175,0.139829261
51177,0.119168916
51179,0.08686609
51181,0.15702239
51183,0.092529711
51185,0.149779329
51187,0.125701281
51191,0.117529037
51193,0.185166094
51195,0.147659157
51197,0.143404167
51199,0.069864259
51510,0.148578721
51520,0.158166782
51530,0.162403511
51540,0.11256147
51550,0.094439056
51570,0.120756463
51580,0.140031507
51590,0.141404428
51595,0.212315001
51600,0.128067052
51610,0.042243767
51620,0.163048664
51630,0.142803045
51640,0.138818628
51650,0.130551796
51660,0.155872952
51670,0.160640753
51678,0.068390904
51680,0.127164971
51683,0.218131786
51685,0.241508927
51690,0.170302076
51700,0.141938672
51710,0.167810058
51720,0.119888945
51730,0.194874397
51735,0.069072598
51740,0.134100911
51750,0.095931096
51760,0.174576003
51770,0.167861911
51775,0.112347642
51790,0.142699631
51800,0.10174002
51810,0.104744876
51820,0.140437678
51830,0.078343278
51840,0.168105542
53001,0.239155983
53003,0.130098518
53005,0.140998383
53007,0.193828562
53009,0.138515232
53011,0.124293124
53013,0.10604534
53015,0.126477483
53017,0.199400415
53019,0.154942589
53021,0.199080571
53023,0.105764866
53025,0.201534769
53027,0.169829181
53029,0.098719087
53031,0.122619537
53033,0.111333102
53035,0.101352757
53037,0.135562912
53039,0.136663434
53041,0.141543699
53043,0.122691036
53045,0.167800492
53047,0.20443374
53049,0.15361254
53051,0.150066091
53053,0.127855775
53055,0.147146386
53057,0.146529431
53059,0.133877331
53061,0.121983366
53063,0.123118515
53065,0.143511027
53067,0.111979465
53069,0.120580005
53071,0.147061956
53073,0.123721836
53075,0.090370532
53077,0.233401344
54001,0.149996982
54003,0.129164281
54005,0.116260769
54007,0.142235848
54009,0.116719644
54011,0.13163139
54013,0.197354497
54015,0.147549929
54017,0.202042399
54019,0.156449683
54021,0.148734625
54023,0.109337658
54025,0.145446229
54027,0.204431583
54029,0.118309578
54031,0.133841836
54033,0.135643969
54035,0.114977776
54037,0.110315712
54039,0.117574297
54041,0.161570172
54043,0.134778773
54045,0.141797128
54047,0.186471574
54049,0.130588654
54051,0.121474786
54053,0.114479638
54055,0.133893857
54057,0.16067432
54059,0.148383394
54061,0.11111336
54063,0.150444461
54065,0.180155146
54067,0.138593985
54069,0.112901738
54071,0.130339839
54073,0.093794478
54075,0.136906183
54077,0.140246804
54079,0.103547339
54081,0.126691868
54083,0.134495101
54085,0.148866995
54087,0.136453572
54089,0.129617834
54091,0.143854325
54093,0.132602339
54095,0.139762249
54097,0.154784895
54099,0.148602869
54101,0.176799285
54103,0.127729123
54105,0.138554217
54107,0.128133899
54109,0.124157303
55001,0.088058775
55003,0.104810671
55005,0.100389777
55007,0.105728643
55009,0.086952514
55011,0.082088426
55013,0.098192573
55015,0.043691684
55017,0.080166495
55019,0.222535294
55021,0.076686228
55023,0.095842009
55025,0.066940701
55027,0.067742051
55029,0.070253349
55031,0.107185795
55033,0.088281071
55035,0.091267933
55037,0.088768116
55039,0.073402565
55041,0.149555556
55043,0.093120638
55045,0.069185824
55047,0.114474174
55049,0.071758768
55051,0.107173576
55053,0.105596511
55055,0.072251434
55057,0.105783237
55059,0.102765771
55061,0.054836178
55063,0.071374606
55065,0.120133747
55067,0.100586239
55069,0.075155457
55071,0.062139702
55073,0.080662057
55075,0.076977626
55077,0.085061279
55078,0.293505893
55079,0.118325869
55081,0.121476085
55083,0.074676197
55085,0.085912411
55087,0.06885567
55089,0.044363939
55091,0.107467622
55093,0.074072248
55095,0.103537572
55097,0.077083542
55099,0.068698385
55101,0.100359531
55103,0.101299435
55105,0.101001591
55107,0.106427525
55109,0.073518123
55111,0.101728283
55113,0.12498457
55115,0.097219517
55117,0.076305826
55119,0.107614512
55121,0.088827998
55123,0.178836156
55125,0.102020584
55127,0.103781167
55129,0.099987156
55131,0.051182688
55133,0.047943413
55135,0.074765434
55137,0.10597908
55139,0.07246288
55141,0.06106808
56001,0.101463757
56003,0.140426263
56005,0.13512135
56007,0.17240917
56009,0.113090961
56011,0.135218798
56013,0.207964712
56015,0.14862045
56017,0.153748142
56019,0.116439962
56021,0.123921072
56023,0.120838403
56025,0.148044008
56027,0.139399372
56029,0.131071541
56031,0.172774869
56033,0.123891981
56035,0.162481536
56037,0.148991895
56039,0.177330228
56041,0.140921539
56043,0.174794785
56045,0.143761968
72001,0.092081897
72003,0.060965531
72005,0.059870887
72007,0.060794399
72009,0.041911182
72011,0.028973941
72013,0.068369793
72015,0.047963001
72017,0.06234424
72019,0.02761657
72021,0.075712756
72023,0.060534218
72025,0.076632357
72027,0.056751809
72029,0.103143439
72031,0.094509266
72033,0.082294998
72035,0.077786484
72037,0.053253986
72039,0.042955892
72041,0.065527732
72043,0.058886139
72045,0.060296123
72047,0.038303844
72049,0.101577287
72051,0.058350785
72053,0.0736106
72054,0.058945356
72055,0.067780225
72057,0.049075543
72059,0.044856402
72061,0.077443309
72063,0.067065532
72065,0.059921509
72067,0.053367293
72069,0.059351313
72071,0.073103664
72073,0.022234609
72075,0.04375
72077,0.076324491
72079,0.050151491
72081,0.114326765
72083,0.03551797
72085,0.052407053
72087,0.114494351
72089,0.078562728
72091,0.082611968
72093,0.049028822
72095,0.052025551
72097,0.06775723
72099,0.055188089
72101,0.050908531
72103,0.050229161
72105,0.056126192
72107,0.033869342
72109,0.054247043
72111,0.043104929
72113,0.060025111
72115,0.041052384
72117,0.043530511
72119,0.074772395
72121,0.058063468
72123,0.072956141
72125,0.045831049
72127,0.115417132
72129,0.055148064
72131,0.068858123
72133,0.071023342
72135,0.079863765
72137,0.082867
72139,0.072827898
72141,0.085695575
72143,0.065592252
72145,0.071922018
72147,0.067158511
72149,0.03162482
72151,0.053271789
72153,0.049303136